fig_letter,int_S,int_g
b,5.779445068214824,0.09969499416488511
c,2.7609919926410833,0.018960100147478676
d,95.12849661039398,0.00997795045115488
